frame_idx,theta_rad,omega_rad_s
5,0.11610896981550171,-8.27564045827296
