frame_idx,theta_rad,omega_rad_s
7,0.10334039637967914,0.0
8,0.10334039637967914,0.0
9,0.10334039637967914,0.0
12,-1.4843727317202122,0.0
13,-1.4843727317202122,0.0
