target,r2,rmse,mae,n
speed_out_mps,0.6662961445739042,1.2829195117981769,0.8850670941657482,13
spin_out_rad_s,0.35543939604036234,4.625890432874964,3.8626774141327465,5
